COUNTRY,GDP,GINI,region,co2_2015,co2_2016,co2_2017,co2_2018,cpi_2012,cpi_2013,cpi_2014,cpi_2015,cpi_2016,cpi_2017,lifeexp_2012,lifeexp_2013,lifeexp_2014,lifeexp_2015,lifeexp_2016,lifeexp_2017,lifeexp_2018,random1,random2,random3,random4
Afghanistan,574,36.8,Asia & Pacific,0.262,0.245,0.247,0.254,8,8,12,11,15,15,60.8,61.3,61.2,61.2,61.2,63.4,63.7,-0.9034616252208536,0.26284477883018553,0.7706266045150282,0.5938653635863617
Albania,4520,29,Europe,1.6,1.57,1.61,1.59,33,31,33,36,39,38,77.8,77.9,77.9,78,78.1,78.2,78.3,-0.9315785215610962,0.8769629949238151,0.8532965248030545,0.7281149592409698
Algeria,4780,27.6,Arab States,3.8,3.64,3.56,3.69,34,36,36,36,34,33,76.8,76.9,77,77.1,77.4,77.7,77.9,0.7420078024015946,0.9611621301155537,0.2807853030972183,0.07884038643539673
Andorra,42100,40,Europe,5.97,6.07,6.27,6.12,NA,NA,NA,NA,NA,NA,82.4,82.5,82.5,82.6,82.7,82.7,NA,-0.5748371902679846,0.6933212142903358,1.9286870378160719,3.7198336898397337
Angola,3750,42.6,Africa,1.22,1.18,1.14,1.12,22,23,19,15,18,19,61.3,61.9,62.8,63.3,63.8,64.2,64.6,0.5144000652640643,0.971114354673773,0.20937394793829964,0.043837450075269804
Antigua and Barbuda,13300,40,South/Latin America,5.84,5.9,5.89,5.88,NA,NA,NA,NA,NA,NA,76.7,76.8,76.8,76.9,77,77,77.2,-0.533826513289873,0.33154629194177687,0.4285640688613057,0.18366716111895798
Argentina,10600,41.8,South/Latin America,4.64,4.6,4.55,4.41,35,34,34,32,36,39,76,76.1,76.4,76.5,76.5,76.7,76.8,-2.4207602333152107,0.3738864010665566,0.4037909978069365,0.1630471699099214
Armenia,3920,31.9,Europe,1.65,1.76,1.7,1.89,34,36,37,35,33,35,74.7,75.2,75.3,75.3,75.4,75.6,75.8,0.383567530575418,0.9742449035402387,1.901051781987572,3.6139978777981234
Australia,55100,32.3,Asia & Pacific,16.8,17,17,16.9,85,81,80,79,79,77,82.5,82.6,82.5,82.5,82.5,82.4,82.5,0.21393077678936115,0.7170544574037194,0.41464508324861526,0.17193054506225108
Austria,47800,30.6,Europe,7.7,7.7,7.94,7.75,69,69,72,76,75,75,81,81.2,81.4,81.5,81.7,81.8,81.9,-0.9951213526240911,0.6627395646646619,0.3672738797031343,0.13489010271219237
Azerbaijan,6060,32.4,Asia & Pacific,3.86,3.82,3.73,3.7,27,28,29,29,30,31,69.8,70.1,70.3,70.5,70.6,70.8,70.9,1.0235058853953807,0.9516316188964993,0.6407660651020706,0.41058115018639096
Bahamas,27500,43.7,South/Latin America,5.39,4.73,4.72,4.7,71,71,71,NA,66,65,73.4,73.5,73.5,73.3,73.6,73.7,73.9,0.887250574910599,0.17037463374435902,0.20750895387002433,0.04305996593623188
Bahrain,22400,40,Arab States,23.8,22.1,21.3,19.8,51,48,49,51,43,36,78.7,78.9,79.2,79.3,79.4,79.5,79.6,-0.7392383689950942,0.6724038599058986,1.2152975629595044,1.4769481665353106
Bangladesh,1000,32.3,Asia & Pacific,0.467,0.481,0.494,0.531,26,27,25,25,26,28,71.1,71.7,72,72.5,72.9,73.1,73.4,0.6816100633444029,0.3155902430880815,0.1826496939174831,0.03336091068815026
Barbados,15800,43.8,South/Latin America,4.36,4.43,4.44,4.48,76,75,74,NA,61,68,77.1,77.1,77.1,77.1,77.1,77.1,77.2,0.38153378895251927,0.6681713978759944,0.7693822661740249,0.5919490715030782
Belarus,6380,26.9,Europe,6.29,6.46,6.64,6.93,31,29,31,32,40,44,72.2,72.6,73.1,73.8,74,74,74.3,2.4526946751304086,0.46143370191566646,0.9666588836860778,0.934429397409214
Belgium,45500,27.8,Europe,8.84,8.68,8.55,8.69,75,75,76,77,77,75,80.3,80.5,80.9,80.9,81.2,81.4,81.5,0.49727771789134917,0.5783079932443798,0.01775706233456731,3.15313262753709e-4
Belize,4300,53.3,South/Latin America,1.61,1.54,1.51,1.5,NA,NA,NA,NA,NA,NA,74,74.1,74.1,74,74.1,74.2,74.3,-1.5092506292665002,0.8304904061369598,0.7693239813250424,0.5918593882418143
Benin,1130,46.9,Africa,0.555,0.577,0.618,0.623,36,36,39,37,36,39,62.2,62.6,63,63.5,64.1,64.6,64.9,-0.8006417595348129,0.017453455831855536,0.08199502062052488,0.006723183406560301
Bhutan,2780,38,Asia & Pacific,1.34,1.56,1.58,1.61,63,63,65,65,65,67,72.5,72.8,73.1,73.5,73.8,74,74.4,0.021018890342541327,0.5645888957660645,0.47203320963308215,0.2228153509965093
Bolivia,2360,46.3,South/Latin America,1.81,1.92,1.94,1.96,34,34,35,34,33,33,71.4,71.7,71.9,72.2,72.5,72.8,73.1,-0.27027280696346234,0.514068671502173,0.2087765042670071,0.04358762873395164
Bosnia and Herzegovina,5360,32.7,Europe,5.39,6.42,6.5,6.53,42,42,39,38,39,38,76.6,76.5,76.6,76.4,76.5,76.7,76.9,0.1320515642856152,0.41715880506671965,0.3557607405818999,0.12656570453938187
Botswana,7610,60.5,Africa,2.56,2.93,3.14,2.96,65,64,63,63,60,61,63.2,64.5,65.8,66.9,68.1,69.1,69.5,-1.751743447034681,0.2869915743358433,0.8715644385245563,0.7596245705006252
Brazil,11400,51.6,South/Latin America,2.42,2.2,2.23,2.18,43,42,43,38,40,37,74.9,75.1,75.3,75.5,75.4,75.5,75.7,0.26891922613213964,0.36409465060569346,4.05197337807572,16.418488256634365
Brunei,32900,40,Asia & Pacific,16.8,18,17.9,18.5,55,60,NA,NA,58,62,75,75,75.1,75.1,75.2,75.3,75.5,1.485392831654918,0.1210918128490448,0.10738756507635117,0.011532089133027557
Bulgaria,7660,37.3,Europe,6.69,6.33,6.68,6.32,41,41,43,41,41,43,74.5,74.8,74.5,74.8,74.9,74.9,75,-0.7591912231795166,0.2836527118925005,1.1433178623718145,1.3071757344184554
Burkina Faso,727,35.5,Africa,0.182,0.181,0.196,0.198,38,38,38,38,42,42,59.2,59.7,60.2,60.7,61.2,61.7,62.1,1.3239095160500003,0.776733384700492,1.43812780446353,2.068211581971093
Burundi,228,38.5,Africa,0.0386,0.0461,0.047,0.0467,19,21,20,21,20,22,59.3,59.9,60.5,60.8,61.2,61.5,61.9,1.0619413517231113,0.27684633433818817,0.9308699499395611,0.8665188637004809
Cambodia,1020,42,Asia & Pacific,0.545,0.617,0.626,0.64,22,20,21,21,21,21,68.2,68.6,69,69.3,69.6,69.9,70.2,0.06741603284458328,0.4646629167255014,0.47939653927460313,0.2298210418684661
Cameroon,1440,46.5,Africa,0.333,0.334,0.326,0.323,26,25,27,27,26,25,59.2,59.9,60.5,61.2,62.1,63,63.4,0.44944345952841697,0.025321697117760777,0.19487302098423243,0.03797549430752109
Canada,50300,31.7,North America,16,15.5,15.6,15.3,84,81,81,83,82,82,81.7,81.9,81.8,81.7,81.9,82,82.1,-0.1967939377741638,0.14554444351233542,0.3489329619333148,0.12175421192355612
Cape Verde,3410,47.2,Africa,0.943,1.02,1.13,1.16,60,58,57,55,59,55,74.7,75,75.2,75.3,75.5,75.8,76,0.22502952562349202,0.5808874550275505,0.41373536130413413,0.1711769491934624
Central African Republic,347,56.2,Africa,0.0653,0.0655,0.0645,0.0651,26,25,24,24,20,23,49.6,48.5,48.7,50.9,51.7,51.9,52.4,1.2140850739453009,0.8018431523814797,0.3810242320721925,0.145179465426204
Chad,957,43.3,Africa,0.0694,0.0682,0.0661,0.0656,19,19,22,22,20,20,57.5,58.1,58.7,59.2,59.7,60,60.3,-0.3445192514614112,0.09325198829174042,0.619802484754473,0.3841551201078187
Chile,14700,47.5,South/Latin America,4.55,4.62,4.52,4.59,72,71,73,70,66,67,79.3,79.3,79.6,79.6,79.7,79.7,79.8,1.8470866060123703,0.49756424757651985,0.007570991758257151,5.73199162035977e-5
China,6500,39.4,Asia & Pacific,6.91,6.87,6.93,7.06,39,40,36,37,40,41,76.2,76.5,76.5,76.5,76.7,77.1,77.3,-0.009117534892988648,0.45633092033676803,0.12235745294786396,0.014971346291888742
Colombia,7580,51.7,South/Latin America,1.96,2.01,1.91,1.96,36,36,37,37,37,37,79.3,79.6,80,80,80,80.1,80.3,0.40662334950343754,0.6141594289802015,1.3981438819616185,1.9548063146667043
Comoros,1350,45.5,Arab States,0.217,0.254,0.261,0.263,28,28,26,26,24,27,66.9,67.3,67.7,68,68.3,68.6,68.8,0.2853025323906349,0.5008070825133473,0.8813041569946658,0.7766970171360785
"Congo, Dem. Rep.",411,42.1,Africa,0.0367,0.0254,0.0244,0.0243,21,22,22,22,21,21,59,59.8,60.5,61.3,61.9,62.4,62.7,-1.4680605214473166,0.3294819521252066,0.9733640513894083,0.9474375765372026
"Congo, Rep.",3010,48.9,Africa,0.649,0.638,0.623,0.617,26,22,23,23,20,21,60.8,61.3,61.8,62.2,62.5,62.6,63,0.9608257621431394,0.8983662615064532,0.42440974339842796,0.18012363029151945
Costa Rica,9220,48.7,South/Latin America,1.51,1.6,1.58,1.61,54,53,54,55,58,59,80,80.1,80.1,79.9,79.5,79.5,79.7,0.09824189145834822,0.740157179068774,1.0902277370494726,1.188596518632014
Cote d'Ivoire,1460,41.6,Africa,0.405,0.331,0.327,0.335,29,27,32,32,34,36,58.9,59.6,60.2,61,61.7,62.5,62.9,2.1422899681448313,0.07791205123066902,0.31698667677119374,0.10048055325044526
Croatia,14100,31.5,Europe,4.22,4.3,4.48,4.48,46,48,48,51,49,49,77.3,77.8,77.8,77.6,78.3,78.5,78.7,-0.07995311411846603,0.945866558002308,0.8249373823589714,0.6805216848132718
Cuba,6520,43.4,South/Latin America,2.57,2.48,2.48,2.53,48,46,46,47,47,47,78.6,78.6,78.5,78.2,78.3,78.4,78.5,-0.7019437987259748,0.5272290087305009,0.402603005990386,0.1620891804324948
Cyprus,27900,34.9,Europe,5.99,6.29,6.39,6.3,66,63,63,61,55,57,80.9,81.1,81.3,81.5,81.7,81.7,81.9,-0.6032497381419442,0.9937077041249722,3.9369541311398755,15.499607830699333
Czech Republic,21400,26,Europe,9.89,10,9.93,9.94,49,48,51,56,55,57,78.1,78.4,78.8,78.8,79,79.2,79.3,-0.38148616760126153,0.9038817069958895,0.021670612040907145,4.696154262275097e-4
Denmark,60400,28.3,Europe,6.19,6.49,6.07,6.06,90,91,92,91,90,88,80.1,80.4,80.7,80.9,80.8,80.8,80.9,0.5573321989288267,0.13441517716273665,0.6844502538442612,0.46847214998747355
Djibouti,NA,44.1,Arab States,0.665,0.646,0.666,0.672,36,36,34,34,30,31,64.8,65.3,65.8,66.3,66.9,67.3,68.1,-0.7476079760079898,0.8966040431987494,3.0441274724345635,9.266712068430843
Dominica,6890,40,South/Latin America,2.47,2.52,2.54,2.55,58,58,58,NA,59,57,73.2,73,72.7,72.4,72.7,72.8,NA,0.9756791413567352,0.5050076844636351,1.7811268753463272,3.172412946080971
Dominican Republic,6660,45.3,South/Latin America,2.29,2.37,2.32,2.34,32,29,32,33,31,29,73.6,73.2,73,72.8,72.8,73.1,73.3,-0.5005480523839688,0.4894042930100113,2.890691183339406,8.356095517436174
Ecuador,5330,45.6,South/Latin America,2.63,2.46,2.36,2.46,32,35,33,32,31,32,75.4,75.9,76.3,76.6,76.5,76.7,77,0.4684516865646985,0.09021759941242635,1.3367001926106337,1.786767404925305
Egypt,2700,31.2,Middle east,2.37,2.47,2.46,2.43,32,32,37,36,34,32,69.8,70.2,70.5,70.2,70.5,70.6,70.8,-0.5091734344699305,0.5517363997641951,1.6872600260281805,2.846846395432616
El Salvador,3310,41.1,South/Latin America,1.07,1.11,1.1,1.11,38,38,39,39,36,33,72.8,72.7,72.2,72.1,73.8,74,74.2,1.2544920252570146,0.6232375886756927,1.0235572903928283,1.0476695267163085
Equatorial Guinea,14100,40,Africa,5.16,4.65,4.54,4.35,20,19,NA,NA,NA,17,62.6,63.4,64.3,64.7,65,65.5,65.9,2.6582044052533194,0.6717873443849385,0.22278341508545224,0.049632450037136906
Eritrea,NA,40,Africa,0.201,0.204,0.212,0.215,25,20,18,18,18,20,59.8,60.4,61,61.6,62.1,62.7,63.1,-0.5176726119179076,0.4498298403341323,0.18410620621658946,0.03389509516746537
Estonia,17600,33.5,Europe,12.1,13.3,14.2,14.8,64,68,69,70,70,71,76.4,77,77.2,77.7,77.9,78.1,78.3,-0.5236041447578346,0.9241575978230685,0.0713686104863882,0.005093478562757801
Eswatini,4650,51.5,Africa,0.89,1.04,1.08,1.06,37,39,43,NA,NA,39,49.2,50.7,53.1,55.8,57.9,59.9,61,-0.27893783330118865,0.25236302614212036,0.28417811108132646,0.08075719881775072
Ethiopia,483,37.7,Africa,0.128,0.135,0.138,0.137,33,33,33,33,34,35,65,65.8,66.6,67.2,67.8,68.4,68.8,1.13106781840194,0.4516338389366865,0.09593786403884574,0.009204073756336051
Fiji,4360,36.8,Asia & Pacific,2.45,2.32,2.36,2.41,NA,NA,NA,NA,NA,NA,67.6,67.7,67.8,67.8,67.8,68.1,68.2,0.24037847151912178,0.5722410359885544,1.0670767724093917,1.1386528382156447
Finland,45600,27.1,Europe,8.06,8.6,8.12,8.52,90,89,89,90,89,85,80.7,80.9,81.3,81.6,81.5,81.4,81.6,-0.12849543791132875,0.9406394965481013,0.7415657736514712,0.5499197966513051
France,41800,32.6,Europe,5.3,5.31,5.35,5.2,71,71,69,70,69,70,81.8,82.1,82.5,82.5,82.8,82.8,83,0.47001888406371417,0.3366596498526633,1.1154026436496327,1.2441230574605895
Gabon,9520,38.7,Africa,2.69,2.64,2.58,2.53,35,34,37,34,35,32,64.3,65.3,66.2,67,67.7,68.4,68.8,-0.19236045867516444,0.1593218855559826,0.43384138587862253,0.18821834810108387
Gambia,755,37.8,Africa,0.251,0.247,0.266,0.268,34,28,29,28,26,30,64.3,64.5,64.7,65.1,65.4,65.8,66.1,-0.9232082870026628,0.15110061829909682,0.13064398262235513,0.01706785019543023
Georgia,4190,37,Europe,2.38,2.47,2.66,2.64,52,49,52,52,57,56,72.9,73.1,73.1,73,72.8,72.8,73,0.5512442421323638,0.38787585706450045,0.030343974009156227,9.207567586683486e-4
Germany,45300,31.6,Europe,9.74,9.76,9.66,9.14,79,78,79,81,81,81,80.7,80.6,80.9,80.7,80.5,80.6,80.8,0.7866610452476034,0.7597503480501473,0.043363370239319195,0.0018803818785122735
Ghana,1630,42.4,Africa,0.579,0.57,0.606,0.615,45,46,48,47,43,40,63,63.6,64,64.4,64.8,65.5,65.8,-0.6485568855675085,0.8789396865759045,1.0104567411674745,1.0210228257707925
Greece,22600,36,Europe,7.04,6.73,7.09,7.03,36,40,43,46,44,48,80.3,80.8,81,80.8,80.9,81,81.2,-0.25927944599356995,0.5246141757816076,1.1140823987823847,1.2411795912767125
Grenada,8190,40,South/Latin America,2.38,2.43,2.41,2.43,NA,NA,NA,NA,56,52,74.2,74.1,74,73.9,74,74.1,74.1,0.31584859745693317,0.6965804919600487,1.1879566963341954,1.4112411123652557
Guatemala,3210,48.5,South/Latin America,0.95,0.988,0.959,1.07,33,29,32,28,28,28,72.5,72.8,72.8,72.9,72.6,72.6,72.9,0.9968831295218414,0.06656561465933919,1.489312786524916,2.21805257610661
Guinea,750,33.7,Africa,0.215,0.234,0.254,0.256,24,24,25,25,27,27,58.3,58.6,58.3,59.2,60.1,60.7,61.2,-0.5299217766901134,0.08607449871487916,1.3340058205229166,1.77957152918902
Guinea-Bissau,574,50.7,Africa,0.16,0.165,0.179,0.181,25,19,19,17,16,17,57.1,57.6,58.1,58.7,59.3,60,60.3,-0.44080070526246456,0.3246152347419411,1.6167322843426708,2.6138232792358704
Guyana,3690,43.2,South/Latin America,2.61,3.04,3.03,3.12,28,27,30,29,34,38,67.3,67.8,68.2,68.6,68.9,69.2,69.4,-0.7795684068487766,0.04714172938838601,2.1503218392512564,4.623884012360906
Haiti,729,50.9,South/Latin America,0.272,0.273,0.271,0.27,19,19,19,17,20,22,62.5,63.1,63.6,64,64.3,65,65.3,0.48312916649733495,0.21809533098712564,0.20973440073430538,0.043988518851378194
Honduras,2070,50.5,South/Latin America,1.08,1.04,1.02,1.04,28,26,29,31,30,29,71.7,72.1,72.1,72.1,73.8,74,74.2,0.6286475856788322,0.9119581503327936,2.2430480251691107,5.031264443215048
Hungary,14700,30.7,Europe,4.78,4.87,5.11,5.14,55,54,54,51,48,45,75.2,75.7,76,75.5,76.4,76.8,77,0.012912962752914049,0.5450433734804392,0.1443913304246962,0.020848856301813802
Iceland,47500,27.3,Europe,10.7,10.5,10.8,10.8,82,78,79,79,78,77,82.6,82.7,82.7,82.7,82.7,82.8,82.9,-0.4098498893144905,0.0019077891483902931,1.2385184224274877,1.5339278826922729
India,1750,35.1,Asia & Pacific,1.76,1.79,1.84,1.96,36,36,38,38,40,40,67.3,67.7,68.1,68.4,68.6,69,69.2,-0.968431533808272,0.8919140063226223,0.1501583791544142,0.022547538830280815
Indonesia,3820,39.1,Asia & Pacific,1.96,2.15,2.21,2.3,32,32,34,36,37,37,70.3,70.5,70.8,71,71.2,71.5,71.7,-0.3634927798890712,0.7977092238143086,1.023306886623514,1.0471569842111093
Iran,6070,38.5,Middle east,8.17,8.21,8.51,8.81,28,25,27,27,29,30,75.7,75.9,76.2,76.5,77,77.3,77.6,-1.1067188427233225,0.5467183589935303,4.210869002835227,17.73141775903854
Iraq,5300,29.5,Middle east,4.66,5.15,4.99,5.32,18,16,16,16,17,18,75.3,75.2,74.8,76.3,76.7,76.7,76.9,0.9365195026439795,0.5187435098923743,0.3721660036449403,0.13850753426904572
Ireland,65400,32.2,Europe,8.27,8.5,8.15,8.09,69,72,74,75,73,74,80.8,81.1,81.4,81.6,81.8,81.8,82.1,0.8201284144719171,0.8853619382716715,0.47007477562874556,0.22097029468241547
Israel,33100,41.4,Europe,8.15,7.89,7.85,7.67,60,61,60,61,64,62,82.2,82.4,81.9,82.6,82.9,83,83.1,0.7250307107039927,0.8109294329769909,2.293707372494674,5.261093510636422
Italy,34000,35.2,Europe,5.88,5.83,5.76,5.58,42,43,43,44,47,50,82.2,82.5,82.7,82.6,83,83.2,83.3,-0.6474406437810198,0.4399796682409942,0.9568497563538065,0.9155614562343389
Jamaica,4720,45.5,South/Latin America,2.62,2.81,2.8,2.79,38,38,38,41,39,44,75.3,74.7,74.5,74.6,74.5,74.7,74.8,-0.3135200867205666,0.817266043741256,0.5341205094009638,0.28528471856274507
Japan,47100,32.1,Asia & Pacific,9.58,9.45,9.33,9.14,74,74,76,75,72,73,83.4,83.6,83.8,84.1,84.2,84.2,84.4,0.1184733123001482,0.7709543548990041,1.3695411337119463,1.8756429169290032
Jordan,3310,33.7,Middle east,2.75,2.55,2.47,2.42,48,45,49,53,48,48,78.4,78.7,78.9,79.1,79.2,79.3,79.5,1.0708694016858797,0.6498635183088481,0.07811733707785606,0.006102318352135386
Kazakhstan,10600,26.9,Asia & Pacific,15,15,15.7,17.6,28,26,29,28,29,31,69.5,70.3,71.2,71.7,71.8,72,72.5,0.917769384010557,0.19925913610495627,0.29347390262410045,0.08612693152142
Kenya,1090,41.5,Africa,0.341,0.35,0.36,0.36,27,27,25,25,26,28,62.9,63.5,64.1,64.7,65.3,65.9,66.3,-1.8275078144240315,0.38466519373469055,0.9328222646889212,0.8701573774993677
Kiribati,1710,37,Asia & Pacific,0.562,0.587,0.594,0.601,NA,NA,NA,NA,NA,NA,61.3,61.5,61.7,61.9,62.2,62.4,62.7,-0.11755048755628202,0.4233302315697074,1.7493213416484106,3.060125156346595
Kuwait,36000,40,Middle east,24.1,24.8,24.1,23.7,44,43,44,49,41,39,82.2,82.5,82.8,82.9,83.1,83.1,83.2,-0.31637724338389495,0.37708586757071316,1.0006039067682746,1.001208178239934
Kyrgyz Republic,1020,27.6,Asia & Pacific,1.73,1.59,1.53,1.6,24,24,27,28,28,29,70.6,71,71.3,71.9,72.5,72.7,72.8,-0.19966485213063304,0.25171080930158496,0.9349894476634385,0.8742052672419818
Lao,1540,36.4,Asia & Pacific,1.31,2.56,2.62,2.74,21,26,25,25,30,29,65,65.6,66.1,66.6,67.1,67.6,67.9,-0.30866682679648594,0.6396447692532092,0.21420404600760506,0.04588337332602819
Latvia,14300,34.6,Europe,3.65,3.67,3.71,3.73,49,53,55,56,57,58,74.2,74.2,74.6,74.9,75,75.2,75.3,-0.38363916323713365,0.9658416018355638,3.5842694991961728,12.846987842867984
Lebanon,6490,31.8,Middle east,3.69,3.64,3.53,3.53,30,28,27,28,28,28,77.5,77.5,77.7,77.8,78,78,78,0.9846433581202956,0.41055235802195966,1.9024762156510595,3.6194157511179768
Lesotho,1360,54.2,Africa,1.14,1.21,1.33,1.26,45,49,49,44,39,42,48.9,49.4,49.9,50.5,52.5,54.7,55.5,-1.4044437746293856,0.562960906419903,1.8852927870208267,3.554328892792756
Liberia,571,33.3,Africa,0.27,0.296,0.32,0.324,41,38,37,37,37,31,62.3,62.8,59.5,62,63.9,64.4,64.8,-0.8589883993644378,0.589765357086435,0.49158479645848274,0.2416556121091279
Libya,5900,40,Middle east,8.79,7.72,7.96,8.09,21,15,18,16,14,17,73.4,73.6,72.1,73.1,72.4,73,73.2,0.7764873912122698,0.5024935372639447,0.467713282443583,0.21875571457415086
Liechtenstein,NA,40,Europe,4.25,3.96,4.11,4.03,NA,NA,NA,NA,NA,NA,NA,NA,NA,NA,NA,NA,NA,-0.7480797759752982,0.9686924717389047,0.01437512002768498,2.066440758103498e-4
Lithuania,15400,37,Europe,4.48,4.54,4.72,4.84,54,57,58,59,59,59,74,74,74.6,74.7,74.9,75,75.3,-1.2400720804259058,0.842749638017267,0.036783108953386545,0.0013529971042767054
Luxembourg,108000,32.9,Europe,16.5,15.7,15.6,15.9,80,80,82,85,81,82,81.1,81.3,81.4,81.4,81.6,81.7,81.8,-2.1677298415694413,0.9310633845161647,0.04016218270694915,0.0016130009197863654
Madagascar,470,42.7,Africa,0.149,0.156,0.163,0.163,32,28,28,28,26,24,62.1,62.4,62.6,63,63.2,63.5,63.9,-0.08887432218815748,0.27935617277398705,1.4482628766406929,2.097465359855575
Malawi,508,45.5,Africa,0.0669,0.0735,0.0764,0.0762,37,37,33,31,31,31,58,59.6,60.9,61.7,62.4,63.2,63.7,-0.30781174768636727,0.02091489778831601,1.5938489771539215,2.5403545619746017
Malaysia,10900,41.2,Asia & Pacific,7.71,8.05,7.93,8.08,49,50,52,50,49,47,74.9,75,74.6,74.6,74.7,74.7,74.9,-1.0796123334611942,0.3532500322908163,0.2746752958943137,0.0754465181746288
Maldives,7500,38.4,Asia & Pacific,2.86,3.04,2.99,2.96,NA,NA,NA,NA,36,33,80.4,80.8,81,81.2,81.3,81.5,81.8,1.689448168398937,0.9737650412134826,0.714977047150506,0.511192177952057
Mali,730,33,Africa,0.178,0.173,0.186,0.187,34,28,32,35,32,31,60.2,60.3,60.8,61.1,61.6,62,62.4,0.3776368265876183,0.19224225566722453,0.13663642925975464,0.018669513800855932
Malta,25900,29.2,Europe,3.96,3.24,3.68,3.61,57,56,55,60,55,56,80.9,81.1,81.3,81.2,81,81,81.1,-0.5754587061814899,0.5506089681293815,0.9676698995334031,0.9363850344629865
Marshall Islands,2860,40,Asia & Pacific,2.49,2.48,2.53,2.58,NA,NA,NA,NA,NA,NA,63.5,63.7,63.9,64.1,64.3,64.5,NA,-0.09595002097960553,0.7397915527690202,1.2783694732514146,1.6342285101410992
Mauritania,1730,32.7,Arab States,0.609,0.552,0.599,0.605,31,30,30,31,27,28,69,69.3,69.6,69.9,70.2,70.5,70.8,-0.6379103334418347,0.8365007983520627,0.396242787130177,0.1570083463526908
Mauritius,9480,35.8,Africa,3.35,3.45,3.75,3.83,57,52,54,53,54,50,74.2,74.5,74.4,74.5,74.5,74.8,74.9,0.4390200717800336,0.7423689984716475,1.9241356830203775,3.7022981266722947
Mexico,10000,46.5,South/Latin America,3.96,3.94,3.95,3.79,34,34,35,31,30,29,75.6,75.7,75.8,75.9,75.9,75.5,75.6,1.9911966251870814,0.13423869665712118,0.9272549543109657,0.8598017502942311
"Micronesia, Fed. Sts.",2720,40.1,Asia & Pacific,1.31,1.3,1.32,1.34,NA,NA,NA,NA,NA,NA,67.1,67.2,67.2,67,67.2,67.2,67.3,0.12575919134929966,0.9049581733997911,0.9437782559123756,0.8907173963330056
Moldova,2950,27,Europe,1.18,1.21,1.18,1.27,36,35,35,33,30,31,71.5,72.1,71.9,71.8,72.4,72.9,73,1.2852618706086258,0.24067375273443758,0.26274183065867546,0.06903326957787209
Monaco,190000,40,Europe,NA,NA,NA,NA,NA,NA,NA,NA,NA,NA,NA,NA,NA,NA,NA,NA,NA,0.6444738271601077,0.7427276575472206,0.5300771989859641,0.2809818368848053
Mongolia,3900,32.4,Asia & Pacific,7.76,8.29,8.49,8.88,36,38,39,39,38,36,67.2,67.8,68.3,68.6,68.8,68.9,69.1,0.5859089487008994,0.09355053538456559,0.4531935672275722,0.205384409376452
Montenegro,7280,32,Europe,3.57,3.22,3.23,3.2,41,44,42,44,45,46,76.2,76.2,76.3,76.4,76.4,76.5,76.6,1.9635527403400348,0.017602966632694006,2.132335551811296,4.5468549055183844
Morocco,3220,39.6,Arab States,1.76,1.74,1.79,1.84,37,37,39,36,37,40,72.6,72.9,73.2,73.5,73.7,74,74.2,-0.9306371072612549,0.3670071598608047,0.5071007665246725,0.25715118740991044
Mozambique,579,53.2,Africa,0.233,0.278,0.28,0.281,31,30,31,31,27,25,52.9,53.8,55.1,56.2,57.3,58.4,59.2,0.4370781126931342,0.08745162514969707,0.05294549884274602,0.00280322584770722
Myanmar,1340,38.1,Asia & Pacific,0.421,0.471,0.476,0.491,15,21,21,22,28,30,66.1,66.8,67.4,67.8,68.3,68.5,68.8,1.3232230184956104,0.12473435699939728,0.5505449683405459,0.30309976216509266
Namibia,6270,59.5,Africa,1.71,1.78,1.76,1.75,48,48,49,53,52,51,62.6,63.9,64.9,65.5,66.2,66.5,66.9,-1.9994301455077528,0.08853707439266145,0.006381497252732515,4.072350718663264e-5
Nauru,8010,40,Asia & Pacific,4.6,4.55,4.63,4.71,NA,NA,NA,NA,NA,NA,NA,NA,NA,NA,NA,NA,NA,0.5249092840404695,0.32525775278918445,0.7018766403039403,0.49263081820434673
Nepal,732,32.8,Asia & Pacific,0.223,0.325,0.33,0.337,27,31,29,27,29,31,69.6,69.9,70.2,69.6,70.6,70.9,71.2,0.014405203722337523,0.4372481219470501,0.32666119327768683,0.10670753519360228
Netherlands,51900,28.3,Europe,9.83,9.81,9.67,9.48,84,83,83,84,83,82,81,81.3,81.5,81.5,81.5,81.5,81.7,-0.6635271127220992,0.010436634765937924,3.5584731900826703,12.662731444537137
New Zealand,36800,34.5,Asia & Pacific,7.77,7.36,7.67,7.34,90,91,91,91,90,89,81,81.3,81.3,81.5,81.7,81.6,81.8,-1.3943091049187804,0.4137081040535122,0.31601766077801585,0.0998671619236091
Nicaragua,1840,46.1,South/Latin America,0.844,0.875,0.862,0.862,29,28,28,27,26,26,77.7,77.6,77.4,78.1,78.5,78.8,79,-1.6772583349396801,0.5741029439959675,0.5327528566122055,0.2838256062284652
Niger,518,34.1,Africa,0.101,0.0967,0.103,0.103,33,34,35,34,35,33,60,60.5,61,61.3,61.9,62.4,62.8,0.9187042159663148,0.1919191286433488,0.7468014604811534,0.5577124213767837
Nigeria,2560,43,Africa,0.627,0.634,0.644,0.65,27,25,27,26,28,27,61.7,62.4,62.6,63.4,63.9,64.3,64.8,-0.9414957672619674,0.374949803808704,0.011836920864880085,1.401126955614335e-4
North Macedonia,5110,35.8,Europe,3.41,3.39,3.53,3.49,43,44,45,42,37,35,76.3,76.8,77,76.5,76.3,76.5,76.7,-0.050179887639841984,0.49860084243118763,1.9571471399718765,3.830424927500096
Norway,90000,27.1,Europe,8.72,8.47,8.26,8.31,85,86,86,88,85,85,81.5,81.5,81.9,82.3,82.4,82.3,82.5,0.5832240019392091,0.13931963499635458,1.078540920237911,1.16325051662764
Oman,16200,40,Middle east,15.1,14,13.7,13.9,47,47,45,45,45,44,75.4,76,76.2,76.4,76.9,77.1,77.3,0.4567914819250894,0.7028350266627967,0.7044833851558091,0.4962968399605881
Pakistan,1080,32.1,Asia & Pacific,0.926,0.967,1.02,1.05,27,28,29,30,32,32,65,65.3,65.5,66,66.4,66.8,67,2.1664553825887656,0.8761372801382095,0.21356594696119321,0.04561041370143119
Palau,12600,40,Asia & Pacific,12.7,12.6,12.9,13.2,NA,NA,NA,NA,NA,NA,NA,NA,NA,NA,NA,NA,NA,-0.7636892505257309,0.33095141174271703,0.1924979004333759,0.0370554416712579
Palestine,2630,33.9,Arab States,0.664,0.698,0.671,0.661,NA,NA,NA,NA,NA,NA,74.4,75.7,75.5,76.2,76.6,76.8,77,0.33257023576166994,0.13557622279040515,1.3336612097498897,1.778652222391539
Panama,10800,50.7,South/Latin America,2.74,2.59,2.54,2.62,38,35,37,39,38,37,78.3,78.4,78.6,78.9,79.1,79.3,79.5,1.1068150940826855,0.4106643255800009,0.4230991179098014,0.17901286357605206
Papua New Guinea,2400,41.9,Asia & Pacific,0.91,0.899,0.9,0.911,25,25,25,25,28,29,56.8,57.2,57.6,57.9,58.2,58.5,58.7,0.37924100931021165,0.8976347353309393,0.05806620046496391,0.0033716836364373753
Paraguay,4940,48.4,South/Latin America,0.905,1.06,1.05,1.07,25,24,24,27,30,29,75.1,74.9,75.3,75.8,75.9,76.1,76.3,0.9447189814062441,0.09844457497820258,0.01887389738112688,3.562240023533081e-4
Peru,6110,43.7,South/Latin America,1.69,1.82,1.68,1.74,38,38,38,36,35,37,78.4,78.9,79.4,80,80.2,80.3,80.6,0.6351660515686521,0.5592923844233155,0.21220497107765005,0.045030949750066294
Philippines,2740,42.7,Asia & Pacific,1.12,1.15,1.25,1.27,34,36,38,35,35,34,69.3,69.2,69.3,69.2,69.5,69.7,69.9,1.3490875598796452,0.5362546269316226,0.16310870598630184,0.026604449968525856
Poland,14600,31.7,Europe,8.22,8.51,8.88,9.07,58,60,61,63,62,60,76.8,77.1,77.6,77.5,77.8,78,78.2,-2.202578769610888,0.7982497364282608,1.0435155648318055,1.088924734046242
Portugal,22000,35.7,Europe,5.04,4.88,5.32,4.97,63,62,63,64,62,63,80.6,80.9,81.2,81.5,81.5,81.4,81.7,-0.4267036904389971,0.5034151093568653,1.7693286183381323,3.130523759670324
Qatar,65100,40,Middle east,41.3,38.5,39.8,38,68,68,69,71,61,63,78.9,79.2,79.5,79.9,80.1,80.2,80.3,0.4693191346014483,0.735910416347906,0.3426064709201455,0.11737919391635651
Romania,9710,32.1,Europe,3.91,3.83,3.82,3.8,44,43,43,46,48,48,74.6,74.9,74.9,75.1,75.2,75.2,75.3,0.9595815949119844,0.9702543248422444,0.46252123499289155,0.2139258928193496
Russia,11400,38.8,Europe,11.2,11.1,11.3,11.7,28,28,27,29,29,29,70.2,70.7,70.8,71.3,71.8,72.1,72.3,-1.536908731208192,0.6071310718543828,1.9911044965589288,3.9644971162171854
Rwanda,768,45.3,Africa,0.0816,0.0898,0.0912,0.0913,53,53,49,54,54,55,66,66.7,67.2,67.7,68,68.5,68.8,1.1237138927147405,0.8662437463644892,0.6831008596345782,0.46662678443349975
Samoa,3560,42.1,Asia & Pacific,1.21,1.26,1.29,1.32,NA,NA,NA,NA,NA,NA,72.3,72.6,72.7,72.7,72.8,72.9,73,-0.2507877015211969,0.49987390567548573,0.028333846992864984,8.028068854150841e-4
San Marino,48600,40,Europe,NA,NA,NA,NA,NA,NA,NA,NA,NA,NA,NA,NA,NA,NA,NA,NA,NA,1.2153251729523478,0.38116648816503584,3.1061753197787483,9.648325117202608
Sao Tome and Principe,1240,30.8,Africa,0.57,0.595,0.583,0.587,42,42,42,42,46,46,69.3,69.7,70,70.3,70.6,66.9,67.1,0.3048426299127602,0.5053179066162556,0.18522194353863597,0.034307168368229654
Saudi Arabia,21400,40,Middle east,19.6,19.5,19.1,18.4,44,46,49,52,46,49,75.3,75.7,76,76.2,76.6,76.9,77,0.048470648372282384,0.6414297556038946,0.02301208535209298,5.295560722520124e-4
Senegal,1380,40.3,Africa,0.695,0.693,0.734,0.739,36,41,43,44,45,45,66.6,66.9,67.2,67.5,67.8,68,68.3,0.6929606576775775,0.731024508131668,1.5795788782739881,2.4950694326893106
Serbia,6160,35.2,Europe,4.93,5.09,5.17,5.17,39,42,41,40,42,41,74.7,75,75.1,75.1,75.5,75.7,75.9,0.4198582088448492,0.895616139518097,0.6991916152455931,0.48886891482974154
Seychelles,13200,46.8,Africa,5.17,6.32,6.61,6.75,52,54,55,55,NA,60,73.4,73.5,73.5,73.5,73.5,73.6,73.7,-0.5373375192418441,0.771708182990551,0.20530170761048794,0.04214879114778228
Sierra Leone,441,34,Africa,0.126,0.127,0.139,0.141,31,30,31,29,30,30,56.9,57.9,57.1,58.5,59.8,60.4,60.9,0.19771272851742228,0.3684067102149129,2.1473856670921965,4.611265203232998
Singapore,54000,40.9,Asia & Pacific,11,6.64,7.11,7.1,87,86,84,85,84,84,83.6,83.9,84.2,84.4,84.7,84.8,85,-0.14104569176558823,0.4749254151247442,2.050323061561013,4.203824656768925
Slovak Republic,18900,26.7,Europe,6.35,6.42,6.62,6.61,46,47,50,51,51,50,76.2,76.6,76.8,76.7,77.2,77.4,77.6,-1.2341348230445854,0.9527040659449995,2.8507706177973557,8.126893115296717
Slovenia,23800,25.6,Europe,6.58,6.95,6.87,6.95,61,57,58,60,61,61,79.9,80.2,80.9,80.8,81,81.1,81.3,1.6852578462410324,0.5852599758654833,1.1631894865584496,1.3530097816401094
Solomon Islands,1440,37.1,Asia & Pacific,0.316,0.272,0.272,0.273,NA,NA,NA,NA,42,39,62.2,62.4,62.4,62.8,63.1,68.5,68.7,-0.07350203051719444,0.7642381160985678,0.4379774169155168,0.1918242177279884
South Africa,7560,63.1,Africa,8.35,8.46,8.12,8.1,43,42,44,44,45,43,59.5,61.1,62.5,63.4,64.4,66.3,66.6,-0.27757608397480915,0.9475978231057525,0.4579680282622576,0.20973471491041995
South Korea,26100,31.6,Asia & Pacific,11.7,12.1,12.5,12.9,56,55,55,54,53,54,81.2,81.6,82,82.3,82.5,82.6,82.8,-0.3219314395336169,0.8337864293716848,0.31499157287180424,0.09921969098025316
South Sudan,731,45,Africa,0.181,0.159,0.167,0.171,NA,14,15,15,11,12,58.2,58,58.3,59.4,59.4,59.3,59.5,-1.8484853411032642,0.9680647908244282,1.0480464761656645,1.0984014162032667
Spain,30500,36.2,Europe,5.81,5.59,5.89,5.75,65,59,60,58,58,57,82.3,82.6,82.7,82.6,82.9,83.1,83.2,-0.7071349056374394,0.934180548414588,1.1207011248496297,1.2559710112392253
Sri Lanka,3650,39.6,Asia & Pacific,0.949,1.1,1.16,1.1,40,37,38,37,36,38,76.1,76.4,76.5,76.9,77.2,77.5,77.6,-1.9569720332288125,0.9798239085357636,1.0280025937549344,1.0567893327668727
St. Kitts and Nevis,16700,40,South/Latin America,4.58,4.62,4.62,4.62,NA,NA,NA,NA,NA,NA,NA,NA,NA,NA,NA,NA,NA,3.7327897695373786,0.7804565280675888,0.6416618721559644,0.4117299581786972
St. Lucia,8490,42.6,South/Latin America,2.29,2.3,2.31,2.31,71,71,71,NA,60,55,75.6,75.5,75.5,75.5,75.5,75.5,75.7,0.5306882864139153,0.1172948875464499,2.6250366958460574,6.890817654538386
St. Vincent and the Grenadines,6580,40,South/Latin America,2.02,2.01,2.02,2.03,62,62,62,NA,60,58,72.5,72,72.1,72,72.2,72.3,72.4,-0.6442328225458068,0.18467021826654673,1.0974255064082268,1.204342742115353
Sudan,1830,35.4,Arab States,0.499,0.491,0.503,0.504,13,11,11,12,14,16,68.4,68.7,69.1,69.6,69.8,70.3,70.5,-0.8257125885332286,0.3299496630206704,1.8888647033924106,3.5678098677216994
Suriname,8460,61,South/Latin America,3.06,3.05,3.02,3.1,37,36,36,36,45,41,72,72.1,72,71.9,71.9,72,72.2,-0.7151838652739415,0.7317329233046621,1.329853968652797,1.7685115779415945
Sweden,56300,28.8,Europe,4.41,4.33,4.25,4.12,88,89,87,89,88,84,81.8,81.9,82.1,82.2,82.4,82.5,82.6,1.089067408523287,0.6305613084696233,0.6920313937589526,0.47890744994795853
Switzerland,76600,32.4,Europe,4.67,4.68,4.52,4.33,86,85,86,86,86,85,82.9,83,83.3,83.5,83.8,84,84.1,-0.5687927344406992,0.015064461855217814,0.6173394853249192,0.38110804014123617
Tajikistan,936,33.7,Asia & Pacific,0.574,0.596,0.581,0.603,22,22,23,26,25,21,70.1,70.2,70.3,70.2,70.2,70.3,70.5,0.6822046898351298,0.03779281256720424,0.3965281471610069,0.15723457149094117
Tanzania,872,37.8,Africa,0.244,0.219,0.222,0.222,35,33,31,30,32,36,62.8,63.9,64.9,65.6,66.2,66.7,67.3,0.05762192990924287,0.6880787326954305,0.4306924476783122,0.1854959844871357
Thailand,5740,36.6,Asia & Pacific,4.1,4.07,4.12,4.15,37,35,38,38,35,37,77.7,78,78.1,78.2,78,78.1,78.4,-0.23215404951961938,0.07320057111792266,0.5942081455141306,0.3530833201953422
Timor-Leste,909,28.6,Asia & Pacific,0.42,0.406,0.409,0.412,33,30,28,28,35,38,70.5,70.7,70.7,70.7,70.7,70.8,71.1,-1.3242525029028238,0.5271698758006096,1.494121244093204,2.2323982920506236
Togo,631,43.5,Africa,0.369,0.408,0.432,0.434,30,29,29,32,32,32,60.7,61.4,62.1,62.8,63.5,64.4,64.7,-1.0997575642463076,0.9245400452055037,0.49617416551336646,0.24618880252288558
Tonga,3900,37.5,Asia & Pacific,1.2,1.27,1.29,1.31,NA,NA,NA,NA,NA,NA,71.2,71.3,71.4,71.5,71.6,71.8,71.9,1.1538623162244124,0.38786296686157584,0.5638430789113045,0.3179190176361795
Trinidad and Tobago,16800,41.3,South/Latin America,33.7,31.8,31.4,31.3,39,38,38,39,35,41,74.6,74.3,74.4,74.4,74.3,74.2,74.4,-0.10346615279493188,0.6306180341634899,3.2192384019596005,10.363495888651403
Tunisia,4310,35.8,Arab States,2.62,2.57,2.67,2.73,41,41,40,38,41,42,77.4,77.6,77.8,77.9,78.1,78.3,78.5,1.0282035678968982,0.9640692370012403,2.959716081451226,8.759919282801
Turkey,13900,41.6,Europe,4.86,5.03,5.25,5.2,49,50,45,42,41,40,78,78,78.1,78.3,78.6,78.9,79.2,-0.5934630873676353,0.21778620989061892,1.2468786537227157,1.5547063771093719
Turkmenistan,6690,46.4,Asia & Pacific,12.6,12.4,12.7,13.7,17,17,17,18,22,19,69.9,69.7,69.7,69.8,70,70.1,70.2,0.5943773742312386,0.7609439331572503,0.9189866570648046,0.8445364758631448
Tuvalu,3430,39.1,Asia & Pacific,0.991,0.979,0.994,1.01,NA,NA,NA,NA,NA,NA,NA,NA,NA,NA,NA,NA,NA,-0.8621282115234677,0.17605799925513566,0.02930608531460166,8.588466364667111e-4
Uganda,900,41.9,Africa,0.133,0.136,0.137,0.135,29,26,26,25,25,26,61.4,62.5,63.6,64.5,65.2,65.7,66.2,1.2218167255341994,0.1916156781371683,1.1154062067669752,1.2441310060942923
Ukraine,2830,24.8,Europe,4.99,5.24,5.02,5.09,26,25,26,27,29,30,71.6,71.8,71.8,69.2,69.6,70.5,70.7,0.7625294242530648,0.04027234436944127,0.7706347554502012,0.5938779263077915
United Arab Emirates,40200,40,Middle east,20.7,21.7,21.1,21.4,68,69,70,70,66,71,72.9,73,73.1,73.1,73.2,73.3,73.5,-0.20139769505030886,0.8808286448474973,0.4469161303713918,0.19973402758613884
United Kingdom,42000,33.4,Europe,6.42,6.04,5.81,5.65,74,76,78,81,81,82,80.9,80.9,81.1,81,80.9,81,81,0.8869635878407557,0.4366074821446091,1.8702314513826612,3.4977656817408955
United States,52100,41.3,North America,16.9,16.4,16.2,16.6,73,73,74,76,74,75,78.9,78.9,78.9,78.8,78.6,78.6,78.6,0.6941399628470802,0.008603932801634073,0.43484722869470716,0.18909211230346695
Uruguay,13900,40.1,South/Latin America,1.94,1.95,1.95,2.01,72,73,73,74,71,70,76.3,76.6,77,77,77,77,77.2,0.45877600437405863,0.9272320333402604,2.6177710833630328,6.852725444891666
Uzbekistan,2140,33.5,Asia & Pacific,3.31,2.9,2.92,2.81,17,17,18,19,21,22,69.3,69.4,69.6,69.9,70.1,70.3,70.5,1.546460210551252,0.45395689900033176,0.14985285652801394,0.02245587860960553
Vanuatu,2780,37.6,Asia & Pacific,0.487,0.527,0.527,0.529,NA,NA,NA,NA,NA,43,64.2,64.4,64.4,64.4,64.6,64.7,64.9,-0.9225697653518411,0.3668169148731977,3.7584229314461957,14.125742931620614
Venezuela,NA,46.9,South/Latin America,5.69,5.47,5.23,4.81,19,20,19,17,17,18,75.2,75.2,75,75,75.3,75.3,75.2,0.08056918654044336,0.9319489817135036,0.3240885497070849,0.10503338805124164
Vietnam,1670,35.1,Asia & Pacific,1.95,1.96,1.95,2.16,31,31,31,31,33,35,73.8,74,74.1,74.3,74.4,74.5,74.6,0.9617406440473705,0.7235698394943029,0.8241508630615594,0.6792246450851132
Yemen,785,36.7,Middle east,0.48,0.377,0.363,0.356,23,18,19,18,14,16,68.3,68.9,69,68.6,68.1,68.1,68.1,-2.388822929808929,0.5714387465268373,1.2641308838081482,1.59802689139757
Zambia,1640,57,Africa,0.271,0.296,0.304,0.302,37,38,38,38,38,37,58.8,60,61.1,62,62.8,63.2,63.7,0.1781465767808027,0.7650330925825983,0.2923652525059879,0.08547744087289005
Zimbabwe,1230,43.2,Africa,0.881,0.771,0.845,0.85,20,21,21,21,22,22,54.9,56.8,58.5,59.6,60.5,61.4,61.7,-0.25026429556032936,0.4295474165119231,1.7508336584174875,3.0654184994475635
Holy See,NA,40,Europe,NA,NA,NA,NA,NA,NA,NA,NA,NA,NA,NA,NA,NA,NA,NA,NA,NA,0.1670280074668166,0.7603848746512085,0.08427728881078808,0.007102661409296986
North Korea,NA,37,Asia & Pacific,0.978,1.09,1.12,1.18,8,8,8,8,12,17,71.1,71.3,71.4,71.6,71.8,72,72.2,-0.5009124309817875,0.8870957042090595,0.3630669917911291,0.1318176405282598
Somalia,NA,48,Arab States,0.0457,0.0455,0.0466,0.0466,8,8,8,8,10,9,56.8,57.4,57.9,58.3,58.5,58.5,58.9,1.0847855278685727,0.6569527895189822,1.0739422747445229,1.1533520094834402
Syria,NA,35.2,Asia & Pacific,1.59,1.63,1.66,1.67,26,17,20,18,13,14,67.9,68.7,65,67.3,67.4,69.8,70.6,-0.4812721354166272,0.6301070877816528,0.9136557541367533,0.8347668370671993
